,num bidders,avg rev,avg highest bid
0,1000.0,1921.4195950721069,19028.888579197763
