,num bidders,avg rev,avg highest bid
0,100.0,199.57526468200038,1753.2735509850736
